employee_id,name,age,gender,department,salary,joining_date,country
7311,Alexis Moreno,41,Other,Admin,76105.36,2000-01-01,Unknown
7890,John Johnson,41,Male,Admin,74212.68,2000-01-01,USA
1663,Kristen Villa,41,Other,HR,76105.36,2000-01-01,USA
5242,James Wilson,41,Male,Marketing,76105.36,2000-01-01,India
9376,Anthony Nelson,41,Other,Unknown,65445.52,2000-01-01,USA
8961,Dawn Becker DDS,57,Female,Unknown,57604.59,2000-01-01,Unknown
7634,Whitney Gill,52,Male,Engineering,75351.71,2000-01-01,India
5969,Kelli Hughes,38,Male,Engineering,76105.36,2000-01-01,UK
8808,Danielle Wilson,41,Other,Marketing,47510.78,2000-01-01,India
6866,Dr. Terri Sanchez,54,Female,Finance,74067.17,2000-01-01,USA
4578,Kim Hutchinson,39,Female,Admin,81630.24,2000-01-01,USA
9268,Sean Hernandez,41,Male,Sales,76105.36,2000-01-01,USA
3281,Samantha Richards,50,Other,Admin,76105.36,2000-01-01,UK
5617,Christopher Cooper,41,Unknown,Admin,76105.36,2000-01-01,Unknown
3289,Edward Simpson,40,Female,Admin,76105.36,2000-01-01,India
2553,Jeffrey Jackson,41,Female,Sales,112155.28,2000-01-01,India
5104,Laura Ramos,41,Unknown,Sales,59685.1,2000-01-01,UK
9725,Adam Griffith,23,Unknown,HR,86182.04,2000-01-01,USA
3407,Mary Bates,41,Female,Engineering,76105.36,2000-01-01,USA
6081,Logan Jones,60,Male,Sales,76105.36,2000-01-01,India
2618,Diana Greer,41,Female,HR,46244.38,2000-01-01,USA
2208,Amy Fowler,41,Other,Marketing,76105.36,2000-01-01,USA
6409,Teresa Chen,40,Unknown,Admin,66446.18,2000-01-01,Unknown
8735,Janice Hamilton,32,Unknown,Admin,76105.36,2000-01-01,Unknown
2649,Adam Osborne,35,Male,Engineering,76105.36,2000-01-01,USA
6796,Diana Scott,41,Female,Finance,76105.36,2000-01-01,UK
8113,Emily Peterson,25,Female,Engineering,43088.28,2000-01-01,Unknown
6180,Jessica Thomas,41,Female,Unknown,98576.5,2000-01-01,USA
4350,Jorge Mueller,41,Unknown,Finance,54087.26,2000-01-01,USA
8815,Rachael Cruz,41,Female,Sales,76105.36,2000-01-01,Unknown
8253,Andrew Gaines,41,Other,Marketing,76105.36,2000-01-01,UK
9541,Rebecca Wolf,54,Female,Engineering,60923.22,2000-01-01,India
5267,Heidi Jarvis,41,Female,Finance,71504.97,2000-01-01,India
2020,Cory Gomez,48,Male,Engineering,93440.41,2000-01-01,USA
9989,Alicia Moss,41,Female,Finance,74749.86,2000-01-01,Unknown
1230,Dana Lopez,40,Female,Sales,76105.36,2000-01-01,Unknown
2528,Jennifer Berry,38,Female,Marketing,95625.44,2000-01-01,USA
7534,Miguel Shields,32,Other,Admin,76105.36,2000-01-01,UK
1018,Rita Garcia,41,Unknown,Engineering,76105.36,2000-01-01,UK
9086,Jeremiah Brown,50,Male,HR,89619.17,2000-01-01,India
6458,James Nelson,25,Male,Engineering,76105.36,2000-01-01,Unknown
4996,Peter Kelly,29,Unknown,Engineering,76105.36,2000-01-01,Unknown
6328,Eric Vasquez,41,Female,Sales,59995.2,2000-01-01,Unknown
2031,Christina Sanders,41,Female,Unknown,76105.36,2000-01-01,UK
4130,Mark Nunez,53,Unknown,Finance,87547.48,2000-01-01,India
4632,Samantha Aguilar,41,Female,Sales,106310.24,2000-01-01,USA
4909,Keith Elliott,41,Male,Engineering,72771.78,2000-01-01,USA
3334,Rodney Sanders,41,Male,Unknown,76105.36,2000-01-01,USA
9896,Brandy Miller,42,Other,HR,110683.6,2000-01-01,USA
8339,Heather Jones,40,Male,Marketing,34588.87,2000-01-01,India
2494,Megan Ruiz,41,Female,Unknown,76105.36,2000-01-01,UK
2318,Ryan Best,32,Male,Sales,89686.25,2000-01-01,Unknown
6243,James Martinez,41,Female,Finance,35193.48,2000-01-01,USA
9322,Madison Russell MD,27,Unknown,HR,43607.43,2000-01-01,Unknown
9016,Sean Dixon,43,Female,Admin,105143.82,2000-01-01,USA
2786,Steven Lozano,41,Female,Marketing,55318.06,2000-01-01,USA
5938,Michelle Cummings,23,Other,Admin,76105.36,2000-01-01,USA
5769,Kelly Colon,29,Other,HR,76105.36,2000-01-01,UK
3044,Melissa Hughes,22,Female,HR,76105.36,2000-01-01,UK
9969,Robert Hess,21,Male,Sales,76105.36,2000-01-01,USA
6451,Christopher Baker,60,Male,Engineering,76105.36,2000-01-01,UK
9852,Erin Erickson,58,Male,Finance,53480.4,2000-01-01,USA
4329,Kelly Bryant,45,Other,HR,112448.61,2000-01-01,India
9965,Nicole Cole,43,Other,HR,76105.36,2000-01-01,Unknown
5712,Mark Thompson,22,Male,Unknown,76105.36,2000-01-01,UK
8290,Stephanie Stewart,32,Male,Admin,108216.03,2000-01-01,USA
2501,Cheryl Gibbs,41,Male,Admin,76105.36,2000-01-01,USA
7306,Robin Boyd,33,Other,Unknown,76105.36,2000-01-01,UK
6194,Susan Taylor,41,Male,Finance,71279.37,2000-01-01,USA
4966,Amy Miller,59,Female,HR,42602.37,2000-01-01,Unknown
5756,April Hampton,36,Female,Sales,74954.86,2000-01-01,USA
4012,Lawrence Hudson,34,Female,Unknown,76105.36,2000-01-01,USA
4102,James Cox,41,Female,Marketing,76105.36,2000-01-01,UK
4059,Mallory Taylor,47,Unknown,Admin,97645.51,2000-01-01,USA
1540,Catherine Martinez,41,Male,Finance,59012.44,2000-01-01,USA
5260,Lawrence Williams,22,Unknown,Marketing,76105.36,2000-01-01,India
8807,Melissa Robles,45,Unknown,Admin,76105.36,2000-01-01,India
2131,Lindsay Bauer,41,Female,Finance,76105.36,2000-01-01,India
2471,Thomas Mcintosh,50,Male,Unknown,76105.36,2000-01-01,USA
3133,Jeremiah Munoz,33,Male,Sales,99631.8,2000-01-01,India
3450,Dawn Collins,30,Male,Engineering,86068.09,2000-01-01,UK
1633,Jody White,41,Unknown,Engineering,54442.94,2000-01-01,Unknown
2314,Dennis Avery,41,Female,Admin,58060.44,2000-01-01,USA
9857,Brent Johnson,31,Male,HR,76105.36,2000-01-01,India
7410,Jared Vaughn,41,Unknown,Admin,76105.36,2000-01-01,UK
9594,Erica Gibbs,41,Female,Unknown,76105.36,2000-01-01,USA
5515,Melissa Alvarez,41,Female,Finance,76105.36,2000-01-01,India
9549,Kimberly Morales,36,Other,Admin,76105.36,2000-01-01,UK
4858,Tammy Johnson,55,Unknown,Unknown,119261.24,2000-01-01,UK
4525,Sara Miller,49,Female,Finance,76767.01,2000-01-01,India
7871,Brett Donaldson,41,Male,Engineering,76105.36,2000-01-01,India
5509,Jose Ballard,41,Unknown,Sales,102551.6,2000-01-01,USA
8382,April Morgan,28,Female,Admin,37564.28,2000-01-01,Unknown
9071,Melissa Martin,41,Unknown,Admin,106713.32,2000-01-01,India
6855,Caitlin Frazier,41,Other,Engineering,76105.36,2000-01-01,India
2349,Taylor Murphy,42,Female,HR,90074.14,2000-01-01,Unknown
6313,Tyler Garrett,41,Female,Engineering,90770.34,2000-01-01,USA
2889,Darrell Reid,46,Other,Engineering,76105.36,2000-01-01,India
8969,Vincent Bell,20,Male,Admin,76105.36,2000-01-01,USA
6493,Jason Cox,41,Male,Finance,110638.23,2000-01-01,USA
4119,Jasmine Townsend,35,Male,Admin,65292.31,2000-01-01,USA
4981,Kevin Mcdaniel,41,Female,Unknown,83670.34,2000-01-01,UK
1265,Carolyn Hernandez,41,Other,Unknown,76105.36,2000-01-01,UK
5440,Frank Smith,41,Female,Engineering,76105.36,2000-01-01,USA
2919,Timothy Berry,41,Female,Unknown,43811.97,2000-01-01,India
4612,Christian Buchanan,22,Female,Admin,35706.93,2000-01-01,USA
7095,Jennifer Bradley,48,Other,Engineering,76105.36,2000-01-01,USA
3793,Michelle Nielsen,36,Male,Unknown,76105.36,2000-01-01,USA
6448,Daniel Morales,41,Male,Unknown,76105.36,2000-01-01,India
7981,Keith Bell,55,Unknown,Unknown,76105.36,2000-01-01,Unknown
2018,Steven Sanchez,41,Male,Unknown,76105.36,2000-01-01,India
2648,Thomas Allen,41,Male,Finance,76105.36,2000-01-01,USA
3397,Dr. Benjamin King,49,Female,Finance,76105.36,2000-01-01,UK
4584,Joseph Daniels,46,Female,Engineering,76105.36,2000-01-01,India
1741,Penny Mcdowell,55,Other,HR,76105.36,2000-01-01,UK
9752,Levi Dillon,28,Male,HR,113578.97,2000-01-01,India
2212,Mark Ferguson,41,Female,Marketing,76105.36,2000-01-01,UK
1437,Brianna Long,40,Unknown,HR,76105.36,2000-01-01,UK
3038,Monica Bray,33,Male,Marketing,68571.35,2000-01-01,India
4088,Brian Murray,20,Male,Finance,112745.94,2000-01-01,Unknown
2961,Christopher Wells,32,Male,Sales,72959.09,2000-01-01,UK
7409,Thomas Hancock,58,Female,Finance,86207.98,2000-01-01,India
2499,Ashley Richardson,41,Male,Unknown,76105.36,2000-01-01,USA
7064,Hunter Kennedy,31,Female,Marketing,75234.8,2000-01-01,Unknown
2901,Amy Wiley,41,Male,Finance,82852.63,2000-01-01,India
1596,Nathaniel Nguyen,60,Female,Sales,89522.81,2000-01-01,USA
1354,Andrew Arnold,41,Female,HR,73313.61,2000-01-01,USA
4188,Jason Brooks,48,Male,Admin,69062.06,2000-01-01,USA
4030,Chad Rodriguez,36,Male,HR,40460.52,2000-01-01,USA
3029,Andre Ray,41,Female,Engineering,76429.49,2000-01-01,India
8851,Martin Mann,27,Other,Unknown,101057.33,2000-01-01,India
4450,Jeffery Barber,37,Male,Sales,109475.0,2000-01-01,India
2000,Christian Martin,22,Male,HR,43242.93,2000-01-01,USA
1373,Chad Snyder,41,Other,Marketing,76105.36,2000-01-01,UK
9916,Lisa Roberts,41,Female,Marketing,76105.36,2000-01-01,USA
7973,Melinda Lang,43,Male,Marketing,76105.36,2000-01-01,USA
2662,Sara Ayala,41,Female,Admin,81611.46,2000-01-01,India
5258,Christopher Burton,41,Female,Sales,76105.36,2000-01-01,USA
2146,Kim Thomas,43,Male,Sales,84274.24,2000-01-01,UK
4618,Patrick Peters,41,Male,HR,42630.74,2000-01-01,USA
2179,Thomas Gray,41,Male,Marketing,97415.54,2000-01-01,India
5932,John Torres,20,Unknown,Admin,114639.85,2000-01-01,Unknown
6739,Jared Davis,41,Male,Engineering,76105.36,2000-01-01,UK
8144,Brittany Silva,41,Female,Engineering,76105.36,2000-01-01,USA
3954,Veronica Keith,43,Unknown,Unknown,76105.36,2000-01-01,USA
9251,Richard Wolfe,41,Other,HR,79161.54,2000-01-01,India
8653,Lindsey Palmer,41,Female,Finance,65667.75,2000-01-01,India
1645,Nicholas Jackson,30,Female,Admin,76105.36,2000-01-01,India
2653,Andrew Wilson,41,Female,Engineering,76105.36,2000-01-01,UK
4266,Nathan Flores,41,Female,Engineering,113356.4,2000-01-01,USA
5262,Jackie Horton,55,Female,Unknown,76105.36,2000-01-01,USA
6874,Robin Perez,38,Female,Finance,76105.36,2000-01-01,USA
8704,Juan Kline,50,Female,Engineering,52051.04,2000-01-01,USA
3775,Katie Blackwell,41,Female,Sales,61038.22,2000-01-01,India
4332,Mason Jackson,31,Other,Marketing,76105.36,2000-01-01,USA
1951,Jennifer Guerrero MD,41,Female,Unknown,114944.39,2000-01-01,USA
3592,Deborah Matthews,41,Other,HR,101266.33,2000-01-01,Unknown
3653,Carolyn Alexander,46,Male,Unknown,76105.36,2000-01-01,USA
6608,James Lang,41,Female,Marketing,76105.36,2000-01-01,India
9674,Jennifer Hall,41,Female,Sales,106015.71,2000-01-01,India
5107,Amanda Harvey,41,Unknown,Finance,76105.36,2000-01-01,UK
2920,Jordan Pierce,50,Male,Finance,72139.62,2000-01-01,UK
8246,Derek Hall,41,Unknown,Finance,66402.9,2000-01-01,USA
3864,Eric Lynch,41,Female,Engineering,76105.36,2000-01-01,India
1216,Joyce Rivers,41,Female,Admin,102996.27,2000-01-01,USA
8727,Keith Ortiz,41,Other,Marketing,76105.36,2000-01-01,Unknown
7715,John Olsen,60,Female,Admin,59660.32,2000-01-01,UK
9332,Ian Davis,24,Other,Finance,76105.36,2000-01-01,India
6102,Amy Wade,32,Unknown,Admin,76105.36,2000-01-01,USA
6851,Christina Johnson,41,Female,Finance,76105.36,2000-01-01,UK
7367,Michael Guzman,20,Unknown,Sales,76105.36,2000-01-01,Unknown
5111,Ashley Kennedy,41,Female,Engineering,106624.26,2000-01-01,USA
3513,Richard Brennan,41,Other,Marketing,76105.36,2000-01-01,UK
1203,Dana Jimenez,57,Female,HR,108287.64,2000-01-01,USA
8503,Mrs. Alexa Kelly,47,Unknown,Sales,76105.36,2000-01-01,USA
2295,Tammy Davis,43,Unknown,Admin,76105.36,2000-01-01,USA
6503,Jay Stevenson,36,Male,Admin,118467.7,2000-01-01,UK
1748,Shannon Thomas,47,Unknown,Marketing,103210.73,2000-01-01,USA
9918,Curtis Parsons,42,Male,Engineering,51807.26,2000-01-01,UK
5601,Rachael Campbell,24,Female,Unknown,73053.1,2000-01-01,UK
3209,Sandra Wilson,41,Male,Admin,76105.36,2000-01-01,UK
4934,Sean Perez,32,Male,Marketing,76105.36,2000-01-01,UK
8894,Lynn Howard,41,Female,Unknown,76105.36,2000-01-01,India
6770,William Saunders,36,Male,Marketing,111773.99,2000-01-01,India
5716,Diane Garcia,22,Other,HR,76105.36,2000-01-01,UK
6885,Barbara Moore,59,Male,Marketing,69014.12,2000-01-01,UK
3168,Natalie Spears,26,Female,Engineering,76105.36,2000-01-01,UK
6083,Darryl Becker,41,Male,Sales,76105.36,2000-01-01,India
7357,Julie Murray,43,Other,HR,76105.36,2000-01-01,Unknown
7789,Yvonne Poole,41,Other,Sales,76105.36,2000-01-01,USA
2322,James Collins,41,Male,Admin,56427.16,2000-01-01,USA
1024,Joseph Smith,41,Male,Sales,76105.36,2000-01-01,Unknown
4150,James Dodson,41,Female,HR,47973.36,2000-01-01,USA
6478,Jessica Williams,41,Male,Admin,76105.36,2000-01-01,UK
3622,Jennifer Baker,51,Other,Unknown,76105.36,2000-01-01,UK
4922,Cassandra White,54,Male,Unknown,93965.86,2000-01-01,UK
4655,Alyssa Benton,41,Male,Marketing,107857.51,2000-01-01,Unknown
8342,Joseph Anderson,41,Male,Finance,90034.88,2000-01-01,India
7203,Lisa Gaines,22,Unknown,Finance,76105.36,2000-01-01,USA
1516,John Abbott,36,Female,Unknown,67054.5,2000-01-01,USA
7590,Lisa Perry,41,Unknown,Sales,90893.87,2000-01-01,USA
7852,Tammy Perez,50,Male,Sales,78212.32,2000-01-01,India
1766,John Smith,25,Male,Finance,76105.36,2000-01-01,USA
3714,William Williams,24,Unknown,Unknown,118666.43,2000-01-01,India
8296,Alyssa Reed,28,Female,Finance,99546.32,2000-01-01,India
2046,George Gibson,39,Male,Admin,98933.6,2000-01-01,USA
5247,Jose King,41,Female,Finance,76105.36,2000-01-01,USA
3583,Brian Johnson,30,Unknown,Engineering,99854.14,2000-01-01,India
8313,Raymond Taylor,41,Male,Engineering,76105.36,2000-01-01,USA
9643,William Flores,41,Female,Unknown,36594.0,2000-01-01,India
8983,Jonathan Hansen,53,Unknown,HR,83480.28,2000-01-01,UK
1001,Karen Hicks,56,Male,Marketing,74331.45,2000-01-01,India
1637,Christopher Kelley,53,Female,HR,76888.49,2000-01-01,USA
9103,David Miller,47,Other,Unknown,43530.92,2000-01-01,USA
6340,Samantha Boyer,41,Female,Sales,76105.36,2000-01-01,USA
6112,Gregory Rowe,41,Unknown,Admin,89001.24,2000-01-01,USA
8649,Jeremy Barron,58,Female,Marketing,82269.37,2000-01-01,India
1816,Tina Rowe,21,Male,Engineering,76105.36,2000-01-01,USA
7801,David Woods,41,Male,Sales,76105.36,2000-01-01,UK
4080,Jeremy Ward,41,Other,Sales,76105.36,2000-01-01,USA
9987,Dr. Charles Decker,41,Male,Marketing,76105.36,2000-01-01,UK
2367,Chelsea Cantu,41,Unknown,Finance,76105.36,2000-01-01,USA
3138,Barbara Brown,41,Male,Sales,33451.81,2000-01-01,India
1241,George Howell,41,Female,Engineering,76105.36,2000-01-01,India
7583,Steven Myers,23,Male,Finance,30762.71,2000-01-01,Unknown
7840,Jon Jackson,28,Unknown,Sales,76105.36,2000-01-01,USA
1055,Travis Barton,41,Unknown,Marketing,56451.1,2000-01-01,India
4498,Peter Gallegos,23,Female,Unknown,76105.36,2000-01-01,Unknown
1234,Garrett Stone,41,Other,Engineering,78413.39,2000-01-01,USA
1038,Sarah Aguilar,41,Unknown,Admin,90195.55,2000-01-01,Unknown
9656,Michael Snyder,58,Other,HR,76105.36,2000-01-01,UK
2602,Tanya George,41,Female,Engineering,83797.64,2000-01-01,India
4120,John Munoz,46,Male,Marketing,88581.72,2000-01-01,USA
2948,Nicholas Smith,41,Other,Marketing,32683.15,2000-01-01,USA
4252,David Sawyer,41,Female,Admin,76105.36,2000-01-01,India
5954,Mary Rodriguez,23,Female,Admin,76105.36,2000-01-01,Unknown
5587,Kelli Middleton,50,Unknown,Unknown,76105.36,2000-01-01,USA
3985,Donna Vega,21,Female,Unknown,86707.91,2000-01-01,UK
2641,Corey Watson PhD,58,Female,HR,76105.36,2000-01-01,India
8792,Jeanette Branch,41,Female,Admin,83626.73,2000-01-01,UK
7499,William Jones,41,Other,HR,67367.93,2000-01-01,Unknown
2332,Brian Moore,41,Unknown,Sales,105366.73,2000-01-01,USA
1357,Tiffany Zimmerman,51,Unknown,Marketing,60446.45,2000-01-01,UK
5500,Jacob Williams,41,Female,Marketing,81111.68,2000-01-01,USA
8421,Brandon Gutierrez,41,Female,Finance,33211.18,2000-01-01,USA
2896,Rachel Fernandez,41,Male,Admin,76105.36,2000-01-01,India
5202,Tonya Barnett,41,Male,Engineering,76105.36,2000-01-01,UK
3185,Susan Parker,38,Unknown,Marketing,101487.01,2000-01-01,USA
9533,Andrea Jacobs,53,Female,Sales,76105.36,2000-01-01,USA
6686,Nicole Harris,41,Other,Unknown,76105.36,2000-01-01,USA
2885,Heather Miller,41,Male,Engineering,101792.8,2000-01-01,USA
3530,Robert Austin,41,Female,Admin,76105.36,2000-01-01,India
5561,Leah Mullen,42,Male,HR,76105.36,2000-01-01,USA
1304,John Rodriguez,22,Female,Engineering,76105.36,2000-01-01,UK
1693,Shawn Pollard,41,Male,Marketing,98555.36,2000-01-01,UK
1666,Paul Pennington,21,Female,Unknown,76105.36,2000-01-01,India
4370,Kevin Walls,34,Male,Admin,76105.36,2000-01-01,USA
5254,Ethan Silva,41,Female,Sales,112707.25,2000-01-01,UK
6156,Dr. Joseph Graham,41,Unknown,Sales,76105.36,2000-01-01,India
7011,Shane Wilson,27,Female,Engineering,73761.19,2000-01-01,USA
1688,Taylor Anderson,41,Female,Admin,78626.19,2000-01-01,India
9101,Andre Thornton,25,Unknown,Unknown,76105.36,2000-01-01,Unknown
8514,Mark Baker,46,Other,Marketing,32535.64,2000-01-01,UK
8134,Eddie Jensen,41,Male,Sales,41808.3,2000-01-01,India
7102,Natasha Weaver,29,Male,Unknown,76105.36,2000-01-01,UK
9813,Jose Smith,41,Other,Sales,76105.36,2000-01-01,USA
3921,Sabrina Walsh,46,Male,Sales,42394.22,2000-01-01,India
4405,Chad Forbes,41,Unknown,Marketing,76105.36,2000-01-01,India
7153,Justin Moses,36,Other,Finance,100156.03,2000-01-01,UK
5768,Darlene Garcia,42,Female,HR,76105.36,2000-01-01,UK
1145,Zachary Anderson,41,Unknown,HR,47387.97,2000-01-01,India
3268,Ryan Walker,41,Other,Finance,76105.36,2000-01-01,India
3474,Russell Robinson,42,Female,Unknown,76105.36,2000-01-01,India
5446,Matthew Hall,20,Female,Sales,76105.36,2000-01-01,UK
6462,Michael Gonzales,43,Male,Engineering,76105.36,2000-01-01,USA
6529,Nathan Kline,58,Female,HR,76105.36,2000-01-01,UK
7016,Kimberly Gonzalez,33,Female,HR,50934.06,2000-01-01,India
2535,Erik Anderson,33,Other,Unknown,76105.36,2000-01-01,India
6541,Paula Smith,41,Female,Finance,76105.36,2000-01-01,USA
1584,Erin Brennan,43,Other,Unknown,76105.36,2000-01-01,USA
1675,Erica Miller,58,Female,Admin,111330.51,2000-01-01,UK
5417,Robert Jackson,29,Other,Sales,108956.76,2000-01-01,UK
3684,Dakota Spencer,49,Other,Admin,78118.76,2000-01-01,USA
3448,Ann Shaw,41,Other,Sales,52854.6,2000-01-01,India
5743,Barbara Watkins,36,Other,Engineering,76006.57,2000-01-01,India
6913,Fred Phillips,21,Unknown,Sales,110893.46,2000-01-01,Unknown
7468,Megan Mitchell,41,Male,Admin,76105.36,2000-01-01,USA
9986,Adam Singleton,41,Female,Admin,76105.36,2000-01-01,USA
3124,William Edwards,41,Female,HR,46152.12,2000-01-01,USA
5807,Martha Mitchell,31,Male,Sales,76105.36,2000-01-01,India
2882,Danielle Beasley,41,Female,HR,76105.36,2000-01-01,UK
8832,Debbie Brown,41,Male,Admin,52238.68,2000-01-01,Unknown
4927,Douglas Perez,29,Unknown,Unknown,36991.83,2000-01-01,UK
1790,Susan Patel,41,Other,Marketing,76105.36,2000-01-01,India
6044,Michelle Henderson,52,Male,Finance,113784.12,2000-01-01,USA
3942,Anthony Mccarthy,35,Unknown,Engineering,101245.92,2000-01-01,USA
9569,Andre Miller,41,Female,Marketing,76105.36,2000-01-01,Unknown
2161,Clayton Anderson,46,Female,Marketing,75598.02,2000-01-01,USA
5958,Steven Cox,28,Male,Finance,76105.36,2000-01-01,USA
7605,Joseph Porter,45,Unknown,HR,76105.36,2000-01-01,USA
6382,Jeffrey Terry,24,Male,Finance,76105.36,2000-01-01,UK
5902,Carly Eaton,41,Male,Admin,76105.36,2000-01-01,USA
7794,Christina Hernandez,41,Female,Admin,34106.18,2000-01-01,USA
2780,Rachel Lopez,41,Other,Marketing,71722.77,2000-01-01,India
2628,Ms. Catherine Lin,41,Male,HR,36132.79,2000-01-01,UK
8883,Tammy Thornton,25,Female,Engineering,108200.62,2000-01-01,India
8766,Peter Anderson,41,Male,HR,56268.96,2000-01-01,Unknown
6522,Melanie Mcgee,60,Female,HR,76105.36,2000-01-01,USA
6630,Patricia Lindsey,41,Female,Marketing,118238.08,2000-01-01,UK
3036,Michelle Smith,41,Other,Unknown,76105.36,2000-01-01,USA
8849,Taylor Gonzalez,41,Female,Marketing,76105.36,2000-01-01,India
2900,James Hughes,41,Unknown,Sales,77139.14,2000-01-01,Unknown
9154,Joseph Garcia,41,Female,Unknown,109842.04,2000-01-01,USA
7988,Kim Nolan,25,Other,Engineering,44674.93,2000-01-01,UK
1619,Alexandra Burgess,41,Female,Engineering,115478.98,2000-01-01,Unknown
5946,James Craig,27,Male,Marketing,76105.36,2000-01-01,USA
6489,Dr. Mary Scott,41,Unknown,Admin,76105.36,2000-01-01,Unknown
3550,Philip Willis,41,Unknown,Finance,99966.3,2000-01-01,USA
3728,Shannon Gill,47,Male,Sales,117451.5,2000-01-01,USA
2424,Robert Steele,41,Male,Marketing,98473.12,2000-01-01,UK
2078,Michael Prince,41,Other,Finance,60127.18,2000-01-01,Unknown
2387,Linda Beard,41,Female,Engineering,76204.15,2000-01-01,UK
4244,Kyle Bell,60,Female,Sales,39197.19,2000-01-01,USA
4621,Ronald Evans,50,Female,Sales,76105.36,2000-01-01,USA
2001,Dawn Johnson,38,Male,HR,76105.36,2000-01-01,India
7304,Taylor Foley,41,Male,HR,55781.34,2000-01-01,USA
1128,Gina Turner,20,Unknown,HR,76105.36,2000-01-01,USA
2606,Robert Pace,39,Female,HR,76105.36,2000-01-01,UK
7452,Evelyn Castaneda,41,Female,Marketing,76105.36,2000-01-01,India
9503,Jennifer Morales,54,Male,Admin,53431.92,2000-01-01,India
5748,Elizabeth Briggs,41,Other,Engineering,76105.36,2000-01-01,USA
8348,Cynthia Reynolds,41,Male,Marketing,101907.64,2000-01-01,UK
9005,Christopher Taylor,41,Male,Finance,76105.36,2000-01-01,India
4559,Nicole Schmidt,37,Unknown,HR,76105.36,2000-01-01,UK
7931,Sara Holland,41,Male,Finance,76105.36,2000-01-01,Unknown
2370,Deanna Turner,22,Female,Unknown,52880.37,2000-01-01,UK
7034,Kelsey Clarke,41,Male,Marketing,76105.36,2000-01-01,India
4606,David Vazquez,41,Other,HR,76105.36,2000-01-01,India
5274,Kyle Foley,48,Other,HR,76105.36,2000-01-01,UK
3729,Terri Petersen,41,Female,Finance,76105.36,2000-01-01,USA
8065,Steven Montgomery,38,Female,Finance,76105.36,2000-01-01,Unknown
4144,Mary Lynch,58,Unknown,Marketing,76105.36,2000-01-01,Unknown
6873,Michael Douglas,22,Female,Admin,66044.94,2000-01-01,USA
2884,Thomas Jackson,41,Male,HR,79058.44,2000-01-01,Unknown
1452,Tonya Young,41,Female,Engineering,76105.36,2000-01-01,India
9614,Nancy Garrison,27,Female,Unknown,42903.79,2000-01-01,USA
8399,Jeffrey Wilson,30,Female,HR,76105.36,2000-01-01,India
4304,Christopher Wheeler,41,Female,Admin,76105.36,2000-01-01,India
9144,Oscar Harrell,38,Male,Engineering,51818.1,2000-01-01,India
7520,Francisco Flynn,56,Unknown,Sales,76105.36,2000-01-01,USA
4395,Chris Vargas MD,54,Female,Engineering,76105.36,2000-01-01,USA
1689,Susan Perez,41,Other,Engineering,76105.36,2000-01-01,Unknown
4537,Jeffrey Munoz,41,Other,Sales,76105.36,2000-01-01,UK
2714,Mariah Taylor,41,Other,Marketing,76105.36,2000-01-01,UK
4243,Eric Schultz,56,Male,Unknown,30977.94,2000-01-01,USA
8510,Samantha Lopez,30,Other,Admin,45003.24,2000-01-01,USA
7193,Wesley Stewart,41,Unknown,Engineering,38264.75,2000-01-01,USA
6925,Nicole Tucker,41,Female,Sales,90103.18,2000-01-01,USA
9952,Dr. Derrick Brewer,41,Male,Admin,76105.36,2000-01-01,USA
3479,Paul Villanueva,41,Male,Unknown,76105.36,2000-01-01,Unknown
2716,Kristin Sullivan,46,Male,Finance,76105.36,2000-01-01,USA
8993,Michael Lawson,41,Other,HR,76105.36,2000-01-01,USA
3431,Cameron Sandoval,41,Male,Finance,118865.1,2000-01-01,India
7650,Rachel Silva,51,Unknown,Sales,51939.99,2000-01-01,UK
7934,Cody Stuart,41,Unknown,HR,116670.2,2000-01-01,UK
9539,Nicholas Cohen,41,Unknown,HR,42638.73,2000-01-01,India
9116,Donald Rodriguez,23,Female,HR,84042.43,2000-01-01,USA
6283,Roger Pham,41,Other,Marketing,76105.36,2000-01-01,Unknown
9166,Lawrence Beltran,41,Male,HR,76105.36,2000-01-01,UK
9169,Stacy Russell,20,Male,Admin,76105.36,2000-01-01,USA
4309,Karen Johnson,41,Female,Unknown,93294.84,2000-01-01,UK
9893,Brenda Warner,41,Female,Sales,76105.36,2000-01-01,India
1159,Nicole Perez,22,Unknown,Engineering,76105.36,2000-01-01,USA
6574,Thomas Orr,59,Unknown,Marketing,83534.37,2000-01-01,India
6214,Richard Anderson,41,Other,Admin,71222.51,2000-01-01,USA
6272,Elizabeth Sullivan,34,Female,Sales,76105.36,2000-01-01,USA
1581,Sandra Payne,41,Unknown,Engineering,76105.36,2000-01-01,UK
9603,Jill Daniels,32,Male,Sales,76105.36,2000-01-01,UK
3430,Stephanie Newman,41,Female,Admin,76105.36,2000-01-01,USA
5208,Caroline Davis,41,Female,Finance,76105.36,2000-01-01,Unknown
3554,Derek Lewis,41,Female,Finance,70699.18,2000-01-01,UK
7209,Sharon Atkins,41,Unknown,Finance,76105.36,2000-01-01,USA
5823,Paula Walter,41,Unknown,Unknown,59042.25,2000-01-01,India
8707,Brittany Thomas,41,Female,Marketing,76105.36,2000-01-01,USA
2087,Brandy Carney,28,Male,Engineering,96879.0,2000-01-01,USA
2386,Abigail Hoover,41,Male,Sales,76105.36,2000-01-01,India
9462,Erin Potter,41,Other,Admin,104945.48,2000-01-01,Unknown
4687,Daniel Hayes,41,Female,Unknown,80151.28,2000-01-01,Unknown
1665,Julie Fox,44,Female,HR,114323.3,2000-01-01,USA
5922,Jeffrey Frank,41,Unknown,Finance,76105.36,2000-01-01,India
1250,Kristen Stone,33,Male,Sales,39915.3,2000-01-01,India
8349,Briana Ross,44,Male,Finance,74967.8,2000-01-01,USA
6416,Emily Suarez,34,Female,Engineering,76105.36,2000-01-01,USA
3632,Andrew Newman,41,Male,Marketing,76105.36,2000-01-01,India
3438,Barry Adams,23,Other,Marketing,76105.36,2000-01-01,USA
8548,Todd Booth,41,Female,Finance,76105.36,2000-01-01,USA
7083,Kevin Flores,59,Other,Marketing,57612.91,2000-01-01,India
9273,Lisa Hunt,41,Unknown,Sales,76105.36,2000-01-01,Unknown
7262,Jonathan Hardy,41,Male,Admin,39605.89,2000-01-01,Unknown
9680,Holly Sparks,49,Other,Unknown,76105.36,2000-01-01,UK
9231,Kenneth Alvarez,41,Male,Unknown,76105.36,2000-01-01,USA
1550,Randall Sanchez,41,Male,Admin,55051.55,2000-01-01,USA
2485,Jordan Villegas,41,Unknown,Sales,76105.36,2000-01-01,India
9486,Amanda Diaz,50,Female,Admin,76105.36,2000-01-01,UK
2251,John Avila,41,Other,Admin,38458.71,2000-01-01,India
7985,Jennifer Shepherd,22,Male,Marketing,76105.36,2000-01-01,USA
4376,Martha Woods,23,Female,Marketing,76105.36,2000-01-01,USA
5745,Hailey Lang,42,Unknown,Marketing,76105.36,2000-01-01,India
9772,Molly Weeks,38,Unknown,Unknown,90326.55,2000-01-01,USA
7845,Karen Barrett,28,Male,Engineering,76105.36,2000-01-01,USA
8900,Sandra Dominguez,47,Other,Engineering,76105.36,2000-01-01,Unknown
7366,Lauren Lewis,41,Male,Engineering,76105.36,2000-01-01,India
4826,Jesse Dean,55,Female,Sales,76105.36,2000-01-01,UK
1335,Megan Carr,49,Unknown,Marketing,76105.36,2000-01-01,USA
1003,Garrett Jordan,41,Male,Admin,76105.36,2000-01-01,UK
3981,Sharon Thomas,58,Female,HR,104795.17,2000-01-01,India
5955,David James,41,Unknown,Marketing,76105.36,2000-01-01,UK
9304,David Allen,41,Unknown,Sales,76105.36,2000-01-01,UK
5169,Tanya Watson,41,Male,Finance,30164.49,2000-01-01,UK
6450,Kyle Hanson,21,Unknown,Unknown,51957.0,2000-01-01,UK
2075,David Anthony,41,Male,Admin,40216.45,2000-01-01,UK
9085,Christopher Bush,25,Female,Marketing,76105.36,2000-01-01,UK
5292,Stephanie Griffin,41,Female,Admin,88191.56,2000-01-01,India
5961,Christopher Howard,32,Male,Engineering,59198.39,2000-01-01,India
7685,Robert Fernandez,41,Unknown,HR,76105.36,2000-01-01,Unknown
7294,Elizabeth Hill,41,Female,HR,49098.19,2000-01-01,India
7286,Ryan Stewart,41,Other,Sales,76105.36,2000-01-01,USA
3683,Corey Gonzalez,42,Other,Admin,76105.36,2000-01-01,USA
3086,Sarah Ellis,41,Male,Finance,39422.45,2000-01-01,India
4914,Dwayne Tucker,55,Male,Unknown,76105.36,2000-01-01,UK
5703,Sarah Newton,41,Male,Engineering,76105.36,2000-01-01,USA
6472,Melissa Brown,41,Other,Engineering,76105.36,2000-01-01,Unknown
1909,Stephanie Cook,41,Male,Unknown,76105.36,2000-01-01,India
1588,Derek Cortez,41,Female,Sales,53894.4,2000-01-01,UK
8886,Joshua Perry,48,Male,Admin,34255.36,2000-01-01,India
7846,Jaime Shah,25,Male,Finance,69798.64,2000-01-01,USA
3308,Bobby Beltran,35,Male,Marketing,76105.36,2000-01-01,USA
9058,Katie Smith,41,Male,Finance,58682.38,2000-01-01,India
2337,Kayla Sosa,41,Male,Engineering,94398.57,2000-01-01,USA
3480,Wendy Santana,59,Female,HR,80527.66,2000-01-01,UK
6779,Andrew Davis,41,Unknown,Sales,76105.36,2000-01-01,India
7736,Emily Cabrera,22,Female,Sales,43472.35,2000-01-01,India
1576,Michelle Barton,41,Male,Sales,76105.36,2000-01-01,USA
8639,Tammy Carr,34,Unknown,Unknown,76105.36,2000-01-01,UK
7335,Sierra Ramirez,41,Male,Sales,53621.09,2000-01-01,USA
8518,Clinton Bean,41,Unknown,Marketing,76105.36,2000-01-01,UK
1770,Shawn Scott,41,Other,HR,76105.36,2000-01-01,UK
8715,Brianna Jensen,59,Unknown,Engineering,86362.65,2000-01-01,UK
1331,Chad Bridges,41,Female,Finance,65195.82,2000-01-01,India
1531,Tristan Gonzalez,41,Male,Engineering,107245.35,2000-01-01,India
3174,Heather Barrett,41,Female,HR,76105.36,2000-01-01,India
6306,Nicole Figueroa,37,Male,Sales,110508.42,2000-01-01,USA
2725,Nathan Williamson,21,Male,Engineering,31743.26,2000-01-01,USA
9997,Diana George,59,Male,Admin,115162.69,2000-01-01,UK
6679,Steven Holloway,41,Other,HR,37069.23,2000-01-01,India
4194,Megan Barnes,35,Male,Admin,76105.36,2000-01-01,India
7281,Joshua Gordon,38,Female,Finance,76105.36,2000-01-01,UK
9033,Mckenzie Bryant,41,Other,Admin,55939.18,2000-01-01,India
2818,Jessica Shepard,23,Unknown,Admin,51352.2,2000-01-01,UK
1985,Denise Zimmerman,41,Unknown,Finance,76105.36,2000-01-01,UK
8654,John Gomez,41,Female,Sales,76105.36,2000-01-01,UK
6535,Diane Mitchell,41,Male,Finance,76105.36,2000-01-01,UK
5855,Christopher Wilson,34,Male,Marketing,76105.36,2000-01-01,UK
3082,Marissa Black,41,Other,Engineering,101983.36,2000-01-01,UK
7351,Seth Herman,40,Male,HR,105250.63,2000-01-01,UK
5813,Dennis Gross,41,Unknown,Sales,84025.95,2000-01-01,India
2991,Rick Stevenson,38,Male,HR,58683.09,2000-01-01,India
4098,William Bennett,28,Other,Finance,76105.36,2000-01-01,USA
1625,Roy Price,41,Female,Sales,76105.36,2000-01-01,India
7422,Kirsten Barton,43,Other,Admin,76105.36,2000-01-01,USA
8283,Laura Douglas,41,Female,Admin,67673.28,2000-01-01,UK
7087,Jeremy Juarez,29,Unknown,Marketing,76105.36,2000-01-01,Unknown
8462,Christine Harris DVM,52,Female,Admin,107008.08,2000-01-01,USA
6841,James Hunter,28,Other,HR,60253.95,2000-01-01,Unknown
2234,Matthew Johnson,51,Female,Engineering,76105.36,2000-01-01,USA
1731,Brandon Gray,35,Male,Finance,76105.36,2000-01-01,India
1655,Ronald Lewis,41,Other,Marketing,76105.36,2000-01-01,India
8965,John Lee,42,Male,Unknown,117012.96,2000-01-01,USA
5184,Kayla Munoz,41,Female,Unknown,76105.36,2000-01-01,USA
1436,Kelly Oliver,26,Female,Unknown,76105.36,2000-01-01,India
9520,Sharon Durham,41,Female,Unknown,89299.75,2000-01-01,UK
4538,Kaitlin Mccoy,41,Female,Unknown,76105.36,2000-01-01,USA
4762,Heather Baird,39,Male,Sales,76105.36,2000-01-01,UK
2531,Michaela Johnson,34,Unknown,Sales,66824.87,2000-01-01,USA
9580,Daniel Fleming,41,Male,Admin,76105.36,2000-01-01,USA
7883,Briana Chavez,41,Unknown,Finance,56045.63,2000-01-01,UK
9308,Donald Banks,41,Male,Admin,68778.76,2000-01-01,Unknown
6002,Oscar Giles,41,Other,Marketing,76105.36,2000-01-01,USA
2858,Elizabeth Lambert,41,Male,HR,76105.36,2000-01-01,India
3386,Samantha Wood,41,Male,HR,76105.36,2000-01-01,UK
7979,Anita Callahan,23,Unknown,HR,113648.44,2000-01-01,India
7914,Shawn Vincent,41,Female,Marketing,57897.39,2000-01-01,India
2376,Mr. Ryan Wood,41,Female,Sales,76105.36,2000-01-01,USA
7809,Ashley Morris,48,Female,Admin,76105.36,2000-01-01,USA
2030,Angela Mckee,41,Other,Sales,76105.36,2000-01-01,UK
2625,Christina Phillips,41,Female,Sales,50502.81,2000-01-01,India
7802,Marilyn Rojas,41,Male,Unknown,76105.36,2000-01-01,UK
3558,Charles Jones,56,Female,Admin,76105.36,2000-01-01,USA
1503,Brittney Lopez,60,Male,Admin,76105.36,2000-01-01,USA
8319,Hannah Richards,42,Unknown,Unknown,75722.29,2000-01-01,UK
8062,Jessica Figueroa,51,Female,Admin,58104.36,2000-01-01,India
7832,Christopher Alexander,21,Female,Unknown,74205.98,2000-01-01,Unknown
1493,Jessica White,22,Female,Engineering,76105.36,2000-01-01,Unknown
9136,Paul Berry,41,Other,Marketing,76105.36,2000-01-01,India
6316,Maria Garcia,24,Male,Sales,86104.33,2000-01-01,USA
5138,Joseph Johnson DDS,41,Male,Sales,111927.99,2000-01-01,UK
2286,Angelica Underwood,28,Female,Finance,76105.36,2000-01-01,USA
6775,Dawn Hart,41,Female,HR,76105.36,2000-01-01,India
2152,David Martinez,41,Female,Admin,95026.11,2000-01-01,India
2988,Tiffany Chan,39,Male,Sales,76105.36,2000-01-01,UK
6886,Jonathan Mahoney,41,Female,Admin,76105.36,2000-01-01,USA
1481,Darrell Mann,44,Unknown,Marketing,76105.36,2000-01-01,USA
6659,Shelby Lin,41,Male,Admin,85147.58,2000-01-01,India
6699,Sarah Cochran,41,Male,Sales,76105.36,2000-01-01,USA
3914,Cassandra Garcia,22,Other,Engineering,76105.36,2000-01-01,UK
1163,Marcus Ray,41,Other,Sales,61047.43,2000-01-01,USA
4776,Jason Williams,30,Male,Admin,76105.36,2000-01-01,UK
6993,Ronald Hayes,52,Male,Unknown,53424.36,2000-01-01,USA
2155,David Russell,59,Female,Sales,76105.36,2000-01-01,USA
3347,Victoria Delgado,41,Male,Sales,102709.39,2000-01-01,India
4407,Brandon Le,35,Male,Admin,76105.36,2000-01-01,USA
1052,Joseph Chavez,35,Male,Unknown,76105.36,2000-01-01,USA
4355,Alexandra King,30,Other,Unknown,76105.36,2000-01-01,India
3018,Kimberly Anderson,41,Male,Finance,76105.36,2000-01-01,India
1117,Keith Ferguson,58,Other,Admin,76105.36,2000-01-01,UK
5804,Curtis Davis,41,Male,Finance,76105.36,2000-01-01,USA
7047,Debra Owen,29,Other,Marketing,44677.47,2000-01-01,India
1403,Reginald Miller,41,Male,Sales,57659.56,2000-01-01,India
4815,Alexander Church,44,Female,Finance,61239.31,2000-01-01,India
3324,Mark Wise,60,Female,Marketing,35399.08,2000-01-01,India
4063,Patricia Mcdonald,51,Unknown,Marketing,76105.36,2000-01-01,India
8439,Natasha Lee,41,Male,Sales,76105.36,2000-01-01,USA
2841,Debra Franco,41,Other,Unknown,76105.36,2000-01-01,India
8810,Christina Beard,41,Female,Finance,76105.36,2000-01-01,Unknown
6643,Jared Franklin,41,Female,Admin,76105.36,2000-01-01,India
5230,Shane Benson,41,Male,Unknown,76105.36,2000-01-01,USA
3132,Dennis Mann,41,Female,Engineering,106554.83,2000-01-01,UK
1457,Mary Graham,41,Female,Marketing,76105.36,2000-01-01,USA
4409,Nathan Lee,41,Male,HR,76105.36,2000-01-01,India
6934,Timothy Hayden,41,Male,Sales,110101.9,2000-01-01,USA
6488,Hunter Le,41,Unknown,Sales,76105.36,2000-01-01,India
8755,Christopher Monroe,41,Other,Sales,115463.29,2000-01-01,USA
5794,Jeffrey Diaz,45,Male,Marketing,76105.36,2000-01-01,Unknown
6357,Brandon Owen,41,Unknown,HR,76105.36,2000-01-01,UK
4015,Alan Lara,51,Male,Admin,109910.56,2000-01-01,India
2323,Jasmine Castillo,41,Other,Engineering,33629.91,2000-01-01,UK
2680,Nathan Henderson,41,Female,Marketing,76105.36,2000-01-01,USA
9736,Elizabeth Jackson,41,Other,Engineering,76105.36,2000-01-01,UK
6042,Caleb Barnett,41,Female,Sales,76105.36,2000-01-01,USA
3562,Wayne Smith,41,Female,HR,78516.52,2000-01-01,Unknown
7170,George Bradford,33,Unknown,Finance,39453.34,2000-01-01,USA
3051,Stephen Duncan,41,Unknown,Marketing,76105.36,2000-01-01,India
4650,Christopher Cole,41,Male,Engineering,42988.16,2000-01-01,Unknown
6175,Aaron Rivera,30,Male,Engineering,76105.36,2000-01-01,UK
9328,Joshua Mason,41,Other,Unknown,76105.36,2000-01-01,Unknown
4978,Brandon Gardner,57,Female,Sales,81309.83,2000-01-01,UK
4877,Antonio Mccall,56,Unknown,HR,76105.36,2000-01-01,India
4013,Christopher Martin,41,Unknown,Unknown,38147.07,2000-01-01,USA
7877,Tanner Benson,41,Other,HR,54599.39,2000-01-01,USA
1757,Ronald Johnson,41,Male,Engineering,76105.36,2000-01-01,Unknown
3166,Tyler Garcia,41,Other,Finance,69171.68,2000-01-01,India
1336,Randy Clark,30,Female,HR,76105.36,2000-01-01,USA
2276,Crystal Brewer,29,Female,Engineering,67679.32,2000-01-01,USA
2199,Sara Lopez,48,Other,Admin,116504.46,2000-01-01,USA
3163,Alejandra Fisher,41,Male,Engineering,76105.36,2000-01-01,UK
7885,Cynthia Reed,41,Unknown,HR,76105.36,2000-01-01,Unknown
5905,Mark Hines,59,Male,Admin,119765.65,2000-01-01,UK
7828,Patrick Mckee,41,Female,Finance,74890.41,2000-01-01,Unknown
3331,Reginald Lopez,37,Female,Admin,80953.09,2000-01-01,USA
7917,Joel Day,53,Other,Sales,53887.62,2000-01-01,India
5882,Marco David,24,Male,Admin,100375.46,2000-01-01,USA
6809,David Hendrix,57,Female,Sales,59504.46,2000-01-01,UK
2385,Joseph Santana,41,Other,Engineering,85936.75,2000-01-01,UK
5064,James Graves,41,Male,Marketing,76105.36,2000-01-01,India
8287,Casey Vasquez,41,Male,Sales,101003.9,2000-01-01,UK
7049,Rebecca Wiley,41,Male,Sales,76105.36,2000-01-01,UK
9670,Craig Harris,41,Female,Marketing,76105.36,2000-01-01,USA
1947,Carlos Miller MD,41,Male,Finance,50248.65,2000-01-01,UK
7167,Kristen Austin,41,Other,HR,42412.52,2000-01-01,USA
7694,Jeffrey Stephens,47,Female,Engineering,72090.52,2000-01-01,USA
1138,Grace Melendez,20,Other,Sales,68188.4,2000-01-01,UK
7835,Edward Duran,41,Male,Engineering,49572.82,2000-01-01,USA
6253,Rebecca Cole,41,Other,HR,76105.36,2000-01-01,India
8230,Diane Haas,41,Other,Admin,76105.36,2000-01-01,UK
4342,James Gutierrez,60,Male,HR,76105.36,2000-01-01,UK
7088,Melissa Bowman,41,Male,Sales,76105.36,2000-01-01,USA
5805,John Morales,53,Other,Unknown,76105.36,2000-01-01,UK
2491,Jeffrey Roberts,41,Female,Admin,90217.28,2000-01-01,USA
4038,Mr. Roger Hardin,41,Male,Marketing,76105.36,2000-01-01,UK
2779,Thomas Shannon,21,Female,Admin,76105.36,2000-01-01,India
5537,Tracy Bowen,56,Female,Unknown,65153.4,2000-01-01,India
2837,Joshua Torres,37,Female,Marketing,76105.36,2000-01-01,UK
3521,Laurie Barton,46,Female,Marketing,39892.77,2000-01-01,USA
8309,Jeff Benjamin,41,Male,Sales,76105.36,2000-01-01,USA
7533,Michael Branch,41,Male,HR,76105.36,2000-01-01,USA
4037,Alexander Morgan,52,Male,Finance,76105.36,2000-01-01,India
7909,Steven Wiley,32,Male,Unknown,108245.18,2000-01-01,Unknown
8073,Cassandra Munoz,48,Unknown,Marketing,76105.36,2000-01-01,USA
3862,William Smith,41,Female,Marketing,82138.47,2000-01-01,UK
5062,Susan Shelton,41,Unknown,Unknown,62429.4,2000-01-01,India
8429,Cassie Sanders,41,Unknown,Sales,68379.37,2000-01-01,India
6576,Joseph Moore,41,Male,HR,81497.87,2000-01-01,Unknown
9574,Steven Guerrero,41,Unknown,HR,97423.68,2000-01-01,USA
3335,Nicholas Gross,41,Unknown,Unknown,76105.36,2000-01-01,UK
6822,James Willis,41,Female,Admin,70773.52,2000-01-01,India
8576,Peter Jones,41,Unknown,Admin,76105.36,2000-01-01,Unknown
2417,Michelle Carter,41,Unknown,Unknown,76105.36,2000-01-01,USA
8918,Jordan Parker,41,Female,Marketing,101562.75,2000-01-01,Unknown
4336,Jamie Jones,41,Male,Engineering,102012.73,2000-01-01,USA
5828,Robert Davis,42,Unknown,Sales,35623.62,2000-01-01,Unknown
1030,Eric Smith,41,Male,Admin,85844.53,2000-01-01,Unknown
8357,Brittney Wheeler,40,Other,Marketing,108922.15,2000-01-01,UK
8569,Matthew Richards,41,Unknown,Finance,105084.44,2000-01-01,USA
1127,Patrick Taylor,53,Female,Engineering,76105.36,2000-01-01,India
4583,Michael Lawson,22,Male,Sales,104516.53,2000-01-01,USA
5891,Christina Garcia,41,Unknown,HR,39747.05,2000-01-01,USA
2875,Mr. John Heath,43,Female,Sales,107657.46,2000-01-01,UK
5934,Dr. Carol Garcia,24,Unknown,HR,76105.36,2000-01-01,UK
9932,Monica Henderson,41,Other,HR,66012.41,2000-01-01,Unknown
3559,Mark Mullen,41,Male,Unknown,76105.36,2000-01-01,UK
7950,Kristen Davis,41,Female,HR,106585.29,2000-01-01,UK
8723,Jamie Watson,45,Male,Marketing,76105.36,2000-01-01,USA
2516,Kristina Armstrong,41,Unknown,HR,35972.27,2000-01-01,UK
9153,Eric Knight,46,Male,Marketing,108638.42,2000-01-01,USA
4807,Larry Horn,58,Other,Marketing,76105.36,2000-01-01,USA
9908,Nancy Dunlap,41,Other,HR,67832.76,2000-01-01,India
7640,Alisha Smith,52,Unknown,HR,76105.36,2000-01-01,USA
5588,Michael Clark,30,Female,HR,76105.36,2000-01-01,USA
2979,Charlotte Poole,41,Other,Finance,96742.99,2000-01-01,Unknown
5424,Mary Hill,22,Male,HR,76105.36,2000-01-01,USA
1664,Charles Williams,41,Female,Engineering,76105.36,2000-01-01,UK
1004,Heather Burgess,41,Other,Unknown,76105.36,2000-01-01,India
5203,Mark Shaw,57,Female,Finance,59888.02,2000-01-01,UK
7527,Mark Flores DDS,25,Male,Unknown,76105.36,2000-01-01,UK
9619,Melissa Gomez,36,Other,Engineering,107468.01,2000-01-01,USA
7491,Brian Hill,41,Unknown,Sales,76105.36,2000-01-01,Unknown
8284,Jasmine Kelly,41,Female,Admin,76105.36,2000-01-01,USA
2671,Crystal Johnson,41,Other,HR,76105.36,2000-01-01,UK
6797,Kimberly Osborne,41,Male,Finance,76105.36,2000-01-01,UK
5643,Dennis Garner,55,Male,Engineering,118546.44,2000-01-01,India
4211,Bobby Rogers,22,Female,HR,76105.36,2000-01-01,UK
2396,Raymond Adams,52,Female,Admin,56935.44,2000-01-01,Unknown
1580,Vanessa Fuentes,40,Male,Finance,51825.22,2000-01-01,UK
2154,Cassidy Wood,41,Female,Engineering,76105.36,2000-01-01,UK
5300,Kelly Wilson,59,Female,Unknown,101429.42,2000-01-01,Unknown
6007,Seth Bishop Jr.,49,Female,HR,76105.36,2000-01-01,USA
9743,Michael Williams,41,Female,HR,65321.32,2000-01-01,USA
6568,Robert Moore,50,Female,Admin,76105.36,2000-01-01,Unknown
2936,Jared Aguilar,54,Other,HR,69600.12,2000-01-01,Unknown
9686,Suzanne Johnson,41,Other,Finance,118640.81,2000-01-01,Unknown
5080,Shannon Lopez,20,Female,Unknown,76105.36,2000-01-01,USA
3679,Mary Watkins,41,Male,Admin,76105.36,2000-01-01,India
2115,Tracey Reed,41,Female,HR,65373.31,2000-01-01,USA
7796,Ricky Barnes,41,Other,Engineering,84348.85,2000-01-01,USA
5746,Sean Perez,41,Female,Unknown,76105.36,2000-01-01,UK
5632,Shannon Trujillo,41,Other,HR,76105.36,2000-01-01,USA
9516,Stacy Winters,60,Unknown,Sales,76105.36,2000-01-01,USA
3202,Kyle Estrada,41,Female,Sales,89507.17,2000-01-01,Unknown
4445,Lisa Snyder,21,Female,HR,111655.44,2000-01-01,India
9706,Candice Shelton,28,Female,HR,43588.42,2000-01-01,India
7730,Jeremy Yu,41,Female,Sales,76105.36,2000-01-01,UK
9905,Nicole King,41,Female,Admin,76105.36,2000-01-01,Unknown
7609,Brooke Carroll,41,Other,Unknown,76105.36,2000-01-01,USA
5564,William Lopez,44,Female,Sales,52208.98,2000-01-01,USA
5788,Danielle Sanders DDS,58,Other,Finance,54246.07,2000-01-01,India
8247,Erica Chandler,42,Unknown,Admin,52178.83,2000-01-01,India
7091,Bryan Jacobs III,46,Unknown,Engineering,110549.66,2000-01-01,USA
3257,Jaime Palmer,41,Other,Finance,76105.36,2000-01-01,USA
3573,Mr. Travis Harris III,41,Male,HR,95548.45,2000-01-01,Unknown
3020,Jennifer Johnson,41,Male,Engineering,64291.35,2000-01-01,India
2974,Justin Crane,46,Male,Unknown,33463.09,2000-01-01,UK
7249,Robert Johnson,41,Female,Marketing,76105.36,2000-01-01,USA
7573,Jean Ferguson,36,Unknown,Admin,76105.36,2000-01-01,India
8666,Kelly Peters,44,Female,Unknown,76105.36,2000-01-01,Unknown
3286,Stephanie Lane,42,Other,Sales,94838.19,2000-01-01,USA
5898,Nicole Lawson,27,Female,Finance,76105.36,2000-01-01,Unknown
6800,Jeffrey Robinson,42,Other,Engineering,76105.36,2000-01-01,Unknown
8744,Larry Fuller,41,Female,HR,116292.75,2000-01-01,UK
4571,Mrs. Sarah Dalton,59,Unknown,Admin,105142.85,2000-01-01,Unknown
9009,Mrs. Tina King,41,Male,Finance,107426.73,2000-01-01,UK
9217,Joseph Mcbride,41,Other,HR,76105.36,2000-01-01,India
9072,Andrew Nielsen,50,Male,Admin,58954.41,2000-01-01,USA
1986,Robert Santos,41,Female,Finance,96374.79,2000-01-01,USA
8274,Elizabeth Anderson,36,Female,Engineering,76105.36,2000-01-01,USA
5918,Austin Morgan,53,Male,HR,110709.56,2000-01-01,India
3339,John Miller,41,Female,Admin,39669.59,2000-01-01,India
9118,Brenda Owens,42,Other,Unknown,76105.36,2000-01-01,India
1858,David Turner,50,Female,Sales,69146.51,2000-01-01,India
4534,Sierra Durham,41,Female,Marketing,33345.7,2000-01-01,UK
1418,Brian Garcia,22,Male,Finance,76105.36,2000-01-01,USA
8725,Elizabeth Parker,41,Female,Marketing,97451.16,2000-01-01,UK
7405,Catherine Smith,30,Unknown,Finance,57064.7,2000-01-01,India
1165,Jennifer Chen,30,Male,Admin,34919.33,2000-01-01,India
9631,Scott Acevedo,30,Male,Finance,76105.36,2000-01-01,USA
2088,Johnathan Bennett,41,Female,Finance,76105.36,2000-01-01,USA
2333,Daniel Coleman,41,Female,Sales,76105.36,2000-01-01,UK
7473,Debra Pacheco,41,Other,Marketing,76105.36,2000-01-01,USA
1105,Jack Marsh,22,Female,Engineering,119476.16,2000-01-01,USA
6919,David Murray,41,Other,Finance,76105.36,2000-01-01,India
1674,Gerald Robinson,41,Male,Admin,78304.5,2000-01-01,UK
2903,Joshua Munoz,41,Male,HR,118851.55,2000-01-01,Unknown
1061,Carrie Guerrero,34,Female,Engineering,60416.3,2000-01-01,USA
5429,Timothy Bates,41,Other,Finance,76105.36,2000-01-01,USA
5792,Mrs. Erica Murphy MD,43,Female,Sales,76105.36,2000-01-01,UK
4714,April Barrett,44,Unknown,Unknown,75687.63,2000-01-01,USA
3304,Cody Abbott,30,Male,Unknown,76774.54,2000-01-01,India
5717,Tyler Miller,44,Male,Marketing,76105.36,2000-01-01,USA
4132,Debbie Thornton,29,Female,Admin,89515.08,2000-01-01,UK
2727,Patrick Myers,41,Unknown,Marketing,76105.36,2000-01-01,UK
8110,Mr. Charles Morse,52,Unknown,Marketing,71350.63,2000-01-01,Unknown
8551,Bryan Powell,22,Unknown,Finance,76105.36,2000-01-01,Unknown
7293,Diana Ray,27,Unknown,Marketing,105257.67,2000-01-01,UK
3756,Samuel Yoder,41,Male,HR,64369.18,2000-01-01,USA
6418,Jennifer Jackson,41,Male,HR,66757.47,2000-01-01,India
8131,Derek Morgan,41,Male,HR,76105.36,2000-01-01,UK
3425,Robert Green,35,Male,Engineering,55442.03,2000-01-01,UK
8328,Sydney Bryan,43,Female,Marketing,76105.36,2000-01-01,USA
3416,Mark Montoya,41,Female,Admin,76105.36,2000-01-01,UK
9587,Megan Bryant,24,Female,Admin,112251.74,2000-01-01,UK
6178,Sandy Rivera,41,Other,Admin,80425.03,2000-01-01,UK
3117,Richard Turner,41,Unknown,Engineering,76105.36,2000-01-01,UK
4422,Brenda Thompson,47,Other,Admin,76105.36,2000-01-01,UK
4060,David Martinez,41,Male,Engineering,42280.35,2000-01-01,USA
8276,Jessica Ward,41,Female,Engineering,76105.36,2000-01-01,Unknown
6720,Frank Gonzalez,41,Other,HR,76105.36,2000-01-01,USA
7371,Emily Crawford,45,Male,Unknown,76105.36,2000-01-01,India
8000,William Gates,41,Male,Sales,76105.36,2000-01-01,UK
9060,Victoria Humphrey,41,Female,Admin,64567.11,2000-01-01,India
7382,Alicia Cohen,54,Female,Sales,76105.36,2000-01-01,USA
4607,Denise Mason,41,Unknown,Admin,76105.36,2000-01-01,Unknown
4214,Ashley Gonzales,41,Male,Engineering,56493.8,2000-01-01,India
8197,Jesse Mcgrath,41,Unknown,Marketing,68538.45,2000-01-01,India
4346,Kristine Mclaughlin,45,Male,Marketing,92350.26,2000-01-01,USA
1815,Jason Franklin,54,Unknown,Unknown,63032.35,2000-01-01,USA
7362,Zachary Braun,41,Male,Engineering,76105.36,2000-01-01,India
1545,Nathan Kirk,41,Other,Unknown,76105.36,2000-01-01,USA
4834,Karen Taylor,41,Male,HR,80886.49,2000-01-01,USA
6957,Samuel Phelps,41,Unknown,Engineering,59481.72,2000-01-01,India
1933,Ashley Morris,41,Other,Admin,76105.36,2000-01-01,UK
3840,Cory Brown,30,Other,Marketing,55061.66,2000-01-01,UK
4818,David Thompson,41,Female,Unknown,75368.65,2000-01-01,UK
5874,Tina Downs,46,Unknown,Admin,81119.51,2000-01-01,USA
2419,Lisa Rollins,41,Other,Marketing,100342.79,2000-01-01,India
9390,Christine Cortez,52,Male,Engineering,48480.45,2000-01-01,USA
5660,Courtney Smith,41,Other,Admin,76105.36,2000-01-01,USA
6784,Adam Hernandez,41,Female,HR,50837.72,2000-01-01,USA
7740,Kent Anderson,50,Male,Finance,76105.36,2000-01-01,USA
8508,Rachel Christensen,41,Male,Unknown,65761.71,2000-01-01,UK
1883,Paula Chavez,41,Male,Sales,76105.36,2000-01-01,USA
9456,Katherine Lamb,41,Unknown,Engineering,76105.36,2000-01-01,India
8055,Elizabeth Moody,60,Female,Admin,89023.42,2000-01-01,USA
8448,Michael Spears,41,Male,Marketing,76105.36,2000-01-01,UK
9031,Nicole Mcfarland MD,41,Other,Marketing,76105.36,2000-01-01,India
5173,Michelle Mullins,41,Male,Engineering,76105.36,2000-01-01,USA
8793,Patrick Carey,41,Unknown,Admin,62737.72,2000-01-01,UK
4529,Melanie Calhoun,28,Female,HR,76105.36,2000-01-01,UK
6524,Connor Haney,41,Other,Finance,89301.15,2000-01-01,UK
5356,Tammy Miller,30,Other,Admin,57923.55,2000-01-01,UK
1691,Kathryn Hunter,41,Other,Admin,99483.25,2000-01-01,UK
1717,Cathy Washington,49,Female,Engineering,76105.36,2000-01-01,Unknown
1861,Mr. Warren Wilson,41,Female,Marketing,76105.36,2000-01-01,USA
3668,Kelli Warner,54,Female,Unknown,76105.36,2000-01-01,USA
6731,Rachel Sharp DVM,30,Female,Sales,76729.33,2000-01-01,Unknown
1063,Bridget Clark,33,Female,Unknown,43889.66,2000-01-01,India
1116,Brett Bennett,34,Other,HR,77237.26,2000-01-01,USA
3300,Kenneth Boyd,53,Female,Marketing,76105.36,2000-01-01,UK
2043,Pamela Hudson,41,Female,Unknown,115825.93,2000-01-01,USA
8008,Anna Barnes,41,Female,Sales,76105.36,2000-01-01,Unknown
4639,Nicole Lopez DDS,41,Female,Finance,70984.14,2000-01-01,UK
7496,Michael Hill,41,Female,Marketing,76105.36,2000-01-01,UK
4620,Caroline Benitez,41,Male,HR,76105.36,2000-01-01,UK
8433,Brett Davis,41,Female,Admin,76105.36,2000-01-01,USA
4159,Colin Graham,54,Female,Marketing,76105.36,2000-01-01,USA
6562,Gary Simmons,41,Unknown,Engineering,113655.14,2000-01-01,USA
2676,Austin Franklin,41,Other,Sales,76105.36,2000-01-01,UK
2402,James Klein,41,Female,HR,76105.36,2000-01-01,UK
6226,Christopher Davis,41,Female,Unknown,76105.36,2000-01-01,UK
6290,Jimmy Conner,41,Male,Sales,114260.26,2000-01-01,USA
9780,Caitlin Thomas,26,Female,Finance,88678.67,2000-01-01,USA
8466,Latoya Frazier,29,Unknown,Marketing,76105.36,2000-01-01,USA
6327,Sergio Jones,57,Male,Unknown,76105.36,2000-01-01,UK
5186,William Mcdonald,33,Female,Unknown,76105.36,2000-01-01,USA
1472,Scott Lamb,37,Female,Engineering,109966.52,2000-01-01,Unknown
9552,Brian Roman,44,Other,Marketing,53139.66,2000-01-01,India
1726,Edward Moore,22,Male,HR,76105.36,2000-01-01,Unknown
4115,Adriana Nguyen,41,Female,Admin,89026.23,2000-01-01,UK
7040,Robert Evans,41,Other,Marketing,76105.36,2000-01-01,India
2312,Kenneth Cain,41,Unknown,Admin,76105.36,2000-01-01,USA
4433,Sean Hunt,41,Male,HR,55004.91,2000-01-01,UK
9593,Robert Ferguson,51,Unknown,Marketing,76105.36,2000-01-01,USA
6664,Susan Underwood,30,Female,Admin,76105.36,2000-01-01,Unknown
4076,Michael Hoffman,52,Unknown,Sales,34294.94,2000-01-01,USA
4303,Mrs. Angela Allen,21,Female,HR,76105.36,2000-01-01,Unknown
5116,William Robbins,41,Male,Unknown,99339.39,2000-01-01,UK
5936,Terri Johnson,58,Unknown,Admin,76105.36,2000-01-01,India
6115,Erin Kelly,41,Unknown,Marketing,72282.12,2000-01-01,UK
9468,Terry Brady,36,Other,Engineering,40534.79,2000-01-01,India
7302,Emily Griffin,57,Unknown,Admin,45644.46,2000-01-01,USA
5172,Courtney Sherman,44,Female,Unknown,76105.36,2000-01-01,UK
8898,Alexis Weiss,48,Other,Unknown,76105.36,2000-01-01,India
6635,Wendy Marsh,44,Unknown,Unknown,98584.6,2000-01-01,USA
4931,Cindy Arellano,41,Female,Admin,110273.43,2000-01-01,India
1729,Robert Thompson,41,Male,Engineering,51522.58,2000-01-01,UK
6010,Christina Cordova,41,Female,Marketing,111673.79,2000-01-01,India
2185,Noah Moore,41,Female,Marketing,76105.36,2000-01-01,USA
1150,Michelle Dean,59,Unknown,Unknown,73970.64,2000-01-01,USA
9115,Jared Estrada,41,Other,Finance,88139.16,2000-01-01,UK
8179,Angela Lopez,41,Unknown,Admin,108731.77,2000-01-01,UK
1777,Blake Rhodes,41,Male,HR,110735.95,2000-01-01,Unknown
7752,Austin Nguyen,31,Male,Engineering,76105.36,2000-01-01,USA
8545,Justin Franklin,41,Female,Sales,76105.36,2000-01-01,UK
8210,Christopher Kemp,41,Female,Engineering,76105.36,2000-01-01,India
2935,Leah Williams,58,Male,Unknown,53512.53,2000-01-01,India
2334,Paula Lewis,49,Other,Finance,80008.81,2000-01-01,India
4950,Benjamin Banks,41,Male,Finance,76105.36,2000-01-01,UK
2617,Carolyn Fischer,41,Other,Finance,86602.56,2000-01-01,UK
3519,Earl Yang,55,Female,HR,106222.7,2000-01-01,UK
7783,Brittany Singleton,41,Female,Sales,76105.36,2000-01-01,UK
4497,April Benitez,34,Unknown,Marketing,77127.42,2000-01-01,USA
8219,Eric Payne,38,Female,Unknown,46678.21,2000-01-01,UK
2263,Eric Berry,43,Male,Admin,76105.36,2000-01-01,India
7994,Gary Ramirez,28,Female,Admin,76105.36,2000-01-01,USA
7463,Samantha Evans,28,Unknown,HR,77688.97,2000-01-01,India
1644,Andrew Smith,20,Male,Marketing,76105.36,2000-01-01,Unknown
3955,Susan Morales,41,Female,HR,40845.37,2000-01-01,UK
5091,Robert Hudson,41,Unknown,HR,76105.36,2000-01-01,India
9028,Aaron Vaughn,41,Unknown,Unknown,114678.55,2000-01-01,India
4605,Austin Frank,41,Unknown,Finance,76105.36,2000-01-01,Unknown
3098,Rebecca Anderson,20,Female,Engineering,51234.66,2000-01-01,Unknown
5571,Christopher Robinson,41,Unknown,Marketing,34976.01,2000-01-01,India
6768,Amanda Williams,41,Unknown,Engineering,76105.36,2000-01-01,USA
6236,Douglas Kirby,34,Female,Sales,40085.28,2000-01-01,USA
8124,Fernando Fisher,41,Male,Engineering,76105.36,2000-01-01,USA
2757,Jose Kelly,41,Female,Finance,35185.57,2000-01-01,India
5677,Andrew Vasquez,25,Male,Finance,76105.36,2000-01-01,UK
9864,Amber Clayton,41,Female,Unknown,54401.86,2000-01-01,USA
4296,Nicholas Bradley,41,Female,Engineering,110394.09,2000-01-01,USA
5860,Curtis Carter,44,Other,HR,76105.36,2000-01-01,UK
8238,Nicholas Bauer,41,Other,Admin,112586.66,2000-01-01,USA
9421,Nathan Hill,41,Female,Finance,76105.36,2000-01-01,UK
8570,Rebecca Rodriguez,41,Female,Unknown,76105.36,2000-01-01,Unknown
9784,Rebecca Hardin,44,Female,Unknown,55183.2,2000-01-01,USA
5276,James Walker,41,Other,Engineering,76105.36,2000-01-01,India
5465,Betty Welch,41,Male,Sales,49845.26,2000-01-01,Unknown
4797,Melissa Cox,41,Male,Finance,68175.51,2000-01-01,UK
1271,Luis Perez,41,Female,Admin,44558.79,2000-01-01,India
2945,Katelyn Armstrong,41,Male,Sales,105608.6,2000-01-01,UK
2620,Brian Hobbs,41,Male,Finance,76105.36,2000-01-01,UK
3827,Francis Anderson,38,Other,Finance,76105.36,2000-01-01,USA
7793,Whitney Montgomery,41,Unknown,Marketing,49370.7,2000-01-01,UK
5075,Jason Smith,41,Male,Unknown,116656.22,2000-01-01,Unknown
4572,Brenda Robertson,41,Other,Marketing,112223.93,2000-01-01,India
5662,Mary Nelson,35,Female,Marketing,76105.36,2000-01-01,India
9774,Timothy Brown,41,Unknown,HR,60727.01,2000-01-01,USA
9442,Derek Rogers,34,Male,Unknown,76105.36,2000-01-01,UK
8016,Ryan Vasquez,41,Female,Unknown,97695.35,2000-01-01,India
2995,Amy Baker,41,Male,HR,76105.36,2000-01-01,Unknown
5464,Dustin Rangel,56,Female,Sales,63655.77,2000-01-01,Unknown
2937,William Gonzalez,41,Unknown,Marketing,76105.36,2000-01-01,UK
6880,Barbara Riggs,51,Other,Engineering,76105.36,2000-01-01,UK
4761,Tracy Reed,40,Female,Sales,76105.36,2000-01-01,UK
9956,Shawn Caldwell,41,Female,Unknown,93945.66,2000-01-01,USA
5623,Melinda King,41,Unknown,Engineering,101282.77,2000-01-01,UK
4630,Kayla Doyle,41,Male,Admin,101994.29,2000-01-01,India
2061,Ashley Cantrell,23,Female,Admin,46488.77,2000-01-01,Unknown
9489,Heather Hernandez,46,Male,Admin,76105.36,2000-01-01,USA
6038,Nicholas Yates,36,Female,Unknown,88551.85,2000-01-01,India
6362,Carrie Lam,40,Male,Admin,100775.89,2000-01-01,India
4827,Thomas Nielsen,27,Other,Unknown,62838.03,2000-01-01,USA
7114,Cynthia Woods,43,Male,Admin,76105.36,2000-01-01,Unknown
8868,Jeffery Galvan,34,Female,Admin,76105.36,2000-01-01,USA
5699,Whitney Conner,41,Male,Admin,76105.36,2000-01-01,India
3807,Robert Bell,54,Unknown,Sales,76105.36,2000-01-01,USA
3249,Timothy Murray,28,Unknown,Unknown,76105.36,2000-01-01,USA
1253,Emma Lynch,58,Male,Finance,76105.36,2000-01-01,UK
9271,Mr. Jason Marsh,41,Other,HR,58546.13,2000-01-01,Unknown
6372,Christopher Hines,32,Female,Admin,113783.67,2000-01-01,USA
7012,Crystal Garrett,41,Unknown,Unknown,76105.36,2000-01-01,USA
1414,Mark Silva,24,Unknown,Engineering,89850.81,2000-01-01,UK
3127,Joshua Johnson,34,Other,Finance,76105.36,2000-01-01,India
7481,William Gutierrez,41,Other,Admin,62655.72,2000-01-01,India
3543,Stephen Sanchez,50,Female,Sales,76105.36,2000-01-01,USA
3896,Ashley Wilson,47,Unknown,Sales,108556.31,2000-01-01,UK
9363,Elizabeth Washington,44,Male,Unknown,76105.36,2000-01-01,USA
2252,Richard Velazquez,41,Female,Sales,35902.95,2000-01-01,UK
3221,Chelsea Peterson,41,Other,Engineering,48429.39,2000-01-01,UK
4383,Sharon Cook,41,Male,Engineering,62047.95,2000-01-01,USA
9138,Ernest Snow,49,Other,Admin,76105.36,2000-01-01,India
4855,Patrick Hoffman,58,Other,Sales,106524.06,2000-01-01,USA
3164,Nancy Woods,36,Male,Sales,60515.07,2000-01-01,UK
4828,Tammy Snyder,41,Female,Sales,76105.36,2000-01-01,USA
7301,Luis Clark,21,Male,Unknown,76105.36,2000-01-01,UK
6791,Jennifer Hunt,59,Female,Admin,112834.47,2000-01-01,India
3171,William Strong,44,Male,Admin,76105.36,2000-01-01,India
2769,Richard Haynes,41,Male,Admin,76105.36,2000-01-01,USA
1426,Ronald Lloyd,41,Male,Admin,31210.25,2000-01-01,USA
9625,Brent Michael,52,Other,Engineering,76105.36,2000-01-01,UK
6875,Phillip King,55,Male,Marketing,93661.94,2000-01-01,India
9015,Nicholas Little,50,Male,HR,77376.73,2000-01-01,India
8464,Monica Rowland,41,Other,Admin,112884.41,2000-01-01,UK
6057,Michelle Harris,50,Unknown,Engineering,76105.36,2000-01-01,USA
1207,Mark Ryan,41,Male,Finance,76105.36,2000-01-01,UK
3671,Larry Gardner,41,Unknown,HR,81530.17,2000-01-01,USA
9105,Emily Hamilton,41,Unknown,Marketing,108261.87,2000-01-01,India
8879,Calvin Douglas,41,Female,Admin,81581.68,2000-01-01,India
9946,Tracey Molina,41,Male,Engineering,76105.36,2000-01-01,USA
6143,Zachary Miller,41,Female,HR,76105.36,2000-01-01,USA
2290,Jeffrey Newman,41,Female,Engineering,47196.47,2000-01-01,Unknown
5246,Donna Brown,41,Female,Marketing,76105.36,2000-01-01,India
3251,Todd Lewis,41,Male,Engineering,76105.36,2000-01-01,India
6184,Jodi Moore,48,Other,Sales,76105.36,2000-01-01,UK
5779,Kenneth Frazier,47,Male,Marketing,60421.46,2000-01-01,USA
7292,Jacob Brown,41,Male,Finance,98420.26,2000-01-01,UK
1969,Darrell Scott,50,Male,Admin,76105.36,2000-01-01,USA
4418,Jade Pena,41,Other,Sales,54059.62,2000-01-01,USA
1627,Matthew Hale,41,Female,Marketing,98682.17,2000-01-01,India
6163,Miss Samantha Rowe,51,Other,Finance,76105.36,2000-01-01,USA
5089,Patrick Mccarty,53,Female,Admin,64403.33,2000-01-01,USA
6622,Brian Burke,41,Female,Sales,84553.28,2000-01-01,USA
8228,Ryan Lara,53,Male,Sales,78144.26,2000-01-01,India
4701,Matthew Foster,23,Male,Sales,76105.36,2000-01-01,UK
5261,Pamela Warren,41,Female,HR,109016.94,2000-01-01,UK
6638,Emma Boyd,41,Male,Marketing,100688.89,2000-01-01,UK
3659,Elijah Carter,41,Other,Finance,69323.77,2000-01-01,USA
5995,Joseph Williams,41,Female,Marketing,76105.36,2000-01-01,USA
1278,Danielle Long,51,Other,Marketing,64519.81,2000-01-01,India
6838,Elizabeth Martinez,41,Female,Marketing,76105.36,2000-01-01,UK
9839,Michael Scott,41,Other,Admin,103886.92,2000-01-01,USA
1953,Debra Griffin,53,Other,Marketing,76105.36,2000-01-01,USA
3477,Rose Morris,40,Other,Sales,76105.36,2000-01-01,USA
6790,Jeffrey Peterson,41,Unknown,Finance,76105.36,2000-01-01,India
1360,Brian Sanford,41,Other,Finance,76105.36,2000-01-01,Unknown
9046,Sandra Garcia,56,Male,HR,76105.36,2000-01-01,USA
2004,Michael Smith,41,Other,Sales,76105.36,2000-01-01,UK
1402,Alicia Goodman,22,Male,Admin,90442.15,2000-01-01,India
4956,Maxwell Smith,41,Unknown,Finance,76105.36,2000-01-01,UK
1736,Denise Kent,55,Female,Finance,63026.27,2000-01-01,India
4699,Thomas Gonzalez,20,Unknown,Engineering,76105.36,2000-01-01,UK
6352,Lindsey Velez,23,Male,Sales,76105.36,2000-01-01,Unknown
2090,Adrian Trevino,41,Unknown,Marketing,76105.36,2000-01-01,USA
2022,Teresa Schroeder,59,Unknown,Admin,76105.36,2000-01-01,USA
6651,Michael Hernandez,41,Other,Admin,58641.33,2000-01-01,UK
7924,Robert Ramirez,41,Male,Unknown,76105.36,2000-01-01,USA
3225,Theresa Miranda,41,Female,Sales,76105.36,2000-01-01,UK
4547,Kristen Gibson,32,Female,Admin,113853.65,2000-01-01,India
8355,Brandon Noble,41,Female,HR,76105.36,2000-01-01,USA
8130,Kristen Rowe MD,41,Unknown,HR,76105.36,2000-01-01,USA
3327,Heather Reyes,41,Unknown,Sales,110968.54,2000-01-01,UK
6111,Wesley Ware,49,Male,Finance,76105.36,2000-01-01,USA
3898,Jonathan Flores,29,Female,HR,30627.99,2000-01-01,USA
6387,Manuel Flores,27,Male,Unknown,73730.34,2000-01-01,India
7695,Mrs. Alicia Cole,41,Female,Marketing,76105.36,2000-01-01,UK
7269,Heather Gilbert,54,Other,Admin,95218.46,2000-01-01,USA
1157,Katherine Griffin,43,Unknown,Unknown,76337.6,2000-01-01,UK
7705,Vincent Wilson,41,Female,HR,76105.36,2000-01-01,India
5321,Jamie Conner,33,Male,HR,57448.16,2000-01-01,India
9744,Linda Johnson,41,Female,Sales,76105.36,2000-01-01,UK
9705,Adam Coffey,54,Female,Admin,76105.36,2000-01-01,USA
8580,Christopher Garcia,60,Male,Unknown,76105.36,2000-01-01,USA
1687,Jennifer Brown,41,Male,Sales,106600.31,2000-01-01,USA
3008,Anthony Scott,41,Male,Finance,83518.45,2000-01-01,USA
7699,Patricia Carpenter,54,Other,Marketing,76105.36,2000-01-01,UK
7394,Felicia Silva,41,Female,Finance,76105.36,2000-01-01,Unknown
3806,David Singh,20,Unknown,Sales,76105.36,2000-01-01,UK
1050,Joseph Smith,41,Female,Finance,76105.36,2000-01-01,UK
9201,Emma Warren,39,Male,Sales,60868.23,2000-01-01,Unknown
3264,Michelle Wilson,21,Female,Finance,76105.36,2000-01-01,UK
9420,Robert Ryan,59,Unknown,Admin,76105.36,2000-01-01,UK
3427,Robert Allen,41,Unknown,Admin,111280.41,2000-01-01,USA
2304,Johnny White III,41,Unknown,Admin,76105.36,2000-01-01,USA
6407,Troy Phillips,36,Unknown,Sales,76105.36,2000-01-01,Unknown
4889,Gloria Hill,41,Female,Finance,76105.36,2000-01-01,USA
3888,Anthony Ware,37,Unknown,Engineering,76105.36,2000-01-01,UK
5043,Ariel Barajas,41,Male,Unknown,76105.36,2000-01-01,USA
3766,Stephanie Martin,41,Other,Finance,76105.36,2000-01-01,UK
3757,Joseph Martin,41,Male,Unknown,76105.36,2000-01-01,UK
2285,Angela Hernandez,25,Male,HR,78751.11,2000-01-01,USA
7998,James Wood,41,Female,Finance,61890.33,2000-01-01,Unknown
2698,Justin Smith,41,Other,Marketing,76105.36,2000-01-01,UK
8495,Alexandra Rowe,41,Other,Engineering,76105.36,2000-01-01,USA
3458,Brandon Andrews,41,Unknown,Marketing,49840.41,2000-01-01,UK
1656,Holly Ortiz,44,Male,Sales,117228.33,2000-01-01,Unknown
5136,Tyler King,41,Female,HR,84455.61,2000-01-01,Unknown
7168,Russell Lopez,58,Female,Engineering,76105.36,2000-01-01,India
1446,Rodney Bowers,29,Male,HR,40619.57,2000-01-01,UK
1595,Kevin Hansen,41,Female,Engineering,76105.36,2000-01-01,USA
9132,Lisa Howard,35,Male,Unknown,34593.61,2000-01-01,India
2468,Jeremy Foster,41,Male,Finance,75755.1,2000-01-01,USA
6871,Evan Green,41,Female,Sales,76105.36,2000-01-01,India
5796,Gabriella Townsend,41,Female,Admin,76105.36,2000-01-01,USA
3470,James Booth,41,Other,Engineering,85212.41,2000-01-01,USA
8505,Charles Rasmussen,59,Unknown,Sales,56435.55,2000-01-01,UK
4869,Kevin Riddle,54,Female,Marketing,113288.19,2000-01-01,Unknown
9313,Robert Warner,41,Unknown,Unknown,114739.02,2000-01-01,India
6829,Holly Johnson,41,Unknown,Sales,76105.36,2000-01-01,India
3658,Thomas Stokes,41,Female,Unknown,103592.38,2000-01-01,USA
7630,Anthony Price,41,Male,Admin,76105.36,2000-01-01,USA
6531,Christina Smith,42,Other,Engineering,76105.36,2000-01-01,Unknown
5421,Crystal Mendez,41,Female,Sales,47427.09,2000-01-01,USA
9066,Dr. Kyle Mcgrath,41,Female,Unknown,104597.56,2000-01-01,USA
